Ref,Val,Package,PosX,PosY,Rot,Side
"C1","100nF","C_0402_1005Metric",176.735000,-73.130000,180.000000,bottom
"C2","100nF","C_0402_1005Metric",168.545000,-64.945000,180.000000,bottom
"C3","100nF","C_0402_1005Metric",176.425000,-65.025000,0.000000,bottom
"C4","100nF","C_0402_1005Metric",173.555000,-69.255000,90.000000,bottom
"C5","4.7uF","C_0603_1608Metric",176.180000,-71.530000,180.000000,bottom
"C6","100nF","C_0402_1005Metric",175.935000,-67.060000,180.000000,bottom
"C7","1uF","C_0805_2012Metric",175.785000,-68.530000,180.000000,bottom
"C8","2.2uF","C_0402_1005Metric",171.750000,-65.165000,0.000000,bottom
"C9","2.2uF","C_0402_1005Metric",172.585000,-69.255000,90.000000,bottom
"C10","10nF","C_0402_1005Metric",171.605000,-69.255000,90.000000,bottom
"C12","4.7uF","C_0603_1608Metric",181.460000,-56.230000,0.000000,bottom
"C13","4.7uF","C_0603_1608Metric",180.410000,-61.930000,180.000000,bottom
"C14","100nF","C_0402_1005Metric",181.582500,-81.935001,-90.000000,bottom
"C15","100nF","C_0402_1005Metric",167.540000,-82.065001,-90.000000,bottom
"C16","100nF","C_0402_1005Metric",176.670000,-70.015000,180.000000,bottom
"C17","22uF","C_0805_2012Metric",178.165000,-77.360000,90.000000,bottom
"C18","10uF","C_0805_2012Metric",176.175000,-77.365000,90.000000,bottom
"C19","22uF","C_0805_2012Metric",162.925000,-77.650000,90.000000,bottom
"C20","47uF","C_0805_2012Metric",177.655000,-84.670000,0.000000,bottom
"C21","10uF","C_0805_2012Metric",160.900000,-77.650000,90.000000,bottom
"C22","47uF","C_0805_2012Metric",162.825000,-84.975000,0.000000,bottom
"C23","100nF","C_0402_1005Metric",167.630000,-73.970000,180.000000,bottom
"C24","1uF","C_0402_1005Metric",172.745000,-81.660000,0.000000,bottom
"C25","1uF","C_0402_1005Metric",172.645000,-78.960000,0.000000,bottom
"C26","100nF","C_0402_1005Metric",166.310000,-70.330000,-90.000000,bottom
"C27","100nF","C_0402_1005Metric",160.370000,-60.370000,90.000000,bottom
"C30","100nF","C_0402_1005Metric",163.880000,-60.350000,90.000000,bottom
"C31","22uF","C_0805_2012Metric",168.310000,-62.755000,90.000000,bottom
"C40","22uF","C_0805_2012Metric",174.240000,-84.675000,180.000000,bottom
"C41","100nF","C_0402_1005Metric",181.132500,-76.635001,180.000000,bottom
"C42","100nF","C_0402_1005Metric",167.279800,-76.867502,180.000000,bottom
"C43","22uF","C_0805_2012Metric",166.660000,-60.070000,0.000000,bottom
"C44","100nF","C_0402_1005Metric",162.520000,-60.320000,90.000000,bottom
"C45","100nF","C_0402_1005Metric",174.735000,-78.065000,90.000000,bottom
"C46","100nF","C_0402_1005Metric",159.400000,-76.865000,90.000000,bottom
"C47","100nF","C_0402_1005Metric",173.590000,-83.215000,180.000000,bottom
"C48","100nF","C_0402_1005Metric",160.170000,-85.185000,180.000000,bottom
"C49","100nF","C_0402_1005Metric",174.235000,-76.535000,0.000000,bottom
"C50","100nF","C_0402_1005Metric",179.830000,-63.150000,180.000000,bottom
"D5","SMAJ5.0A","DIOM4325X250N",162.940000,-74.370000,0.000000,bottom
"D8","BAT54C","SOT-23",158.477700,-81.520000,180.000000,bottom
"FL1","120 Ohms @ 100 MHz","L_0402_1005Metric",175.935000,-66.100000,0.000000,bottom
"FL2","220 Ohms @ 100 MHz","L_0402_1005Metric",172.755000,-77.765000,0.000000,bottom
"IC1","AT7456E","SOP65P640X120-29N",162.175000,-65.232000,90.000000,bottom
"J1","SM06B-SRSS-TB_LF__SN_","JST_SM06B-SRSS-TB_LF__SN_",177.300000,-87.500000,180.000000,bottom
"J3","SM03B-SRSS-TB_LF__SN_","JST_SM03B-SRSS-TB_LF__SN_",155.000000,-61.200000,90.000000,bottom
"J5","SM03B-SRSS-TB_LF__SN_","JST_SM03B-SRSS-TB_LF__SN_",155.000000,-78.200000,90.000000,bottom
"J6","SM08B-SRSS-TB_LF__SN_","JST_SM08B-SRSS-TB_LF__SN_",173.230000,-53.285000,0.000000,bottom
"J7","SM03B-SRSS-TB_LF__SN_","JST_SM03B-SRSS-TB_LF__SN_",185.500000,-61.000000,-90.000000,bottom
"J8","SM03B-SRSS-TB_LF__SN_","JST_SM03B-SRSS-TB_LF__SN_",185.500000,-78.500000,-90.000000,bottom
"J9","SM06B-SRSS-TB_LF__SN_","JST_SM06B-SRSS-TB_LF__SN_",155.050000,-69.650000,90.000000,bottom
"J10","SM04B-SRSS-TB_LF__SN_","JST_SM04B-SRSS-TB_LF__SN_",185.450000,-69.750000,-90.000000,bottom
"J12","SM03B-SRSS-TB_LF__SN_","JST_SM03B-SRSS-TB_LF__SN_",169.300000,-87.500000,180.000000,bottom
"J13","SM04B-SRSS-TB_LF__SN_","JST_SM04B-SRSS-TB_LF__SN_",163.860000,-58.070000,0.000000,bottom
"J14","SM04B-SRSS-TB_LF__SN_","JST_SM04B-SRSS-TB_LF__SN_",162.270000,-87.500000,180.000000,bottom
"L1","10uH","L_Changjiang_FTC404020S",176.860000,-81.390000,180.000000,bottom
"L2","10uH","L_Changjiang_FTC404020S",162.899800,-81.700000,180.000000,bottom
"R4","10K","R_0402_1005Metric",174.870000,-73.240000,-90.000000,bottom
"R7","51K","R_0402_1005Metric",181.690000,-84.630000,90.000000,bottom
"R8","41K2","R_0402_1005Metric",180.280000,-84.560000,0.000000,bottom
"R9","3K92","R_0402_1005Metric",182.650000,-84.630000,90.000000,bottom
"R10","20","R_0402_1005Metric",182.532500,-81.935001,90.000000,bottom
"R13","20","R_0402_1005Metric",168.490000,-82.065001,90.000000,bottom
"R14","51K","R_0402_1005Metric",166.939800,-84.417502,90.000000,bottom
"R15","7K5","R_0402_1005Metric",167.899800,-84.397502,90.000000,bottom
"R16","41K2","R_0402_1005Metric",165.499800,-84.467502,0.000000,bottom
"R27","4.7K","R_0402_1005Metric",169.010000,-66.770000,-90.000000,bottom
"R30","75","R_0402_1005Metric",169.765000,-62.115000,-90.000000,bottom
"R36","1M","R_0402_1005Metric",180.130000,-75.705000,0.000000,bottom
"R37","1M","R_0402_1005Metric",164.390000,-78.165001,90.000000,bottom
"R38","75","R_0402_1005Metric",161.560000,-60.350000,90.000000,bottom
"U3","NCP167BMX330TBG","VREG_NCP167BMX330TBG",172.670000,-80.310000,-90.000000,bottom
"U4","MP9943GQ-Z","QFN-8_MP9943_MNP",181.160000,-79.035001,180.000000,bottom
"U6","ICM-42688-P","PQFN50P300X250X97-14N",172.600000,-71.665000,0.000000,bottom
"U9","MP9943GQ-Z","QFN-8_MP9943_MNP",167.190000,-79.165001,180.000000,bottom
"U11","AP7361C-33FGE-7","SON65P300X300X63-9N",180.325000,-59.090000,90.000000,bottom
"Y1","ABM8-27.000MHZ-B2-T","XTAL_ABM8-27.000MHZ-B2-T",160.040000,-71.125000,-90.000000,bottom
"","","",185.500000,-85.000000,0.000000,top
"","","",185.500000,-54.500000,0.000000,top
"","","",155.000000,-85.000000,0.000000,top
"AT1","2450AT43B100E","ANTENNA_2450AT43B100E",192.040000,-61.030000,-90.000000,top
"C11","100nF","C_0402_1005Metric",177.275000,-84.350000,0.000000,top
"C28","100nF","C_0402_1005Metric",179.775000,-81.700000,-90.000000,top
"C29","100nF","C_0402_1005Metric",169.450000,-58.285000,90.000000,top
"C32","100nF","C_0402_1005Metric",163.495000,-79.040000,90.000000,top
"C33","10nF","C_0402_1005Metric",187.925000,-66.100000,-90.000000,top
"C34","1uF","C_0402_1005Metric",186.965000,-66.100000,-90.000000,top
"C35","100nF","C_0402_1005Metric",180.155000,-59.660000,180.000000,top
"C36","100nF","C_0402_1005Metric",180.155000,-58.690000,180.000000,top
"C37","10uF","C_0805_2012Metric",186.975000,-57.900000,0.000000,top
"C38","100nF","C_0402_1005Metric",188.357500,-60.750000,0.000000,top
"C39","1uF","C_0402_1005Metric",164.453500,-79.040000,90.000000,top
"D1","LED2","LED_0805_2012Metric",182.300000,-76.100000,90.000000,top
"D2","LED3","LED_0805_2012Metric",185.340000,-76.100000,90.000000,top
"D3","LED4","LED_0805_2012Metric",182.300000,-79.500000,-90.000000,top
"D4","LED1","LED_0805_2012Metric",185.360000,-79.500000,-90.000000,top
"D7","KT-0603R","LED_KT-0603R",164.525000,-77.450000,0.000000,top
"F2","MICROASMD010F-2","FUSE_MICROASMD010F_LTF",160.700000,-78.575000,0.000000,top
"J2","USB4940-00-A_REVA","GCT_USB4940-00-A_REVA",156.590000,-69.770000,-90.000000,top
"L3","1.8nH","L_0402_1005Metric",187.940000,-64.060000,90.000000,top
"Q2","AO3400A","SOT-23",169.337500,-82.450000,0.000000,top
"R1","5k1","R_0402_1005Metric",159.000000,-75.200000,-90.000000,top
"R2","80","R_0402_1005Metric",160.350000,-69.300000,180.000000,top
"R3","80","R_0402_1005Metric",160.350000,-70.250000,180.000000,top
"R5","5k1","R_0402_1005Metric",159.000000,-64.800000,90.000000,top
"R6","10K","R_0402_1005Metric",188.390000,-59.745000,180.000000,top
"R11","18K","R_0402_1005Metric",176.740000,-60.660000,0.000000,top
"R12","10K","R_0402_1005Metric",173.680000,-82.200000,180.000000,top
"R17","2K","R_0402_1005Metric",176.730000,-61.640000,180.000000,top
"R18","47","R_0402_1005Metric",180.870000,-76.062500,90.000000,top
"R20","10K","R_0402_1005Metric",184.260000,-58.400000,0.000000,top
"R21","220","R_0402_1005Metric",183.870000,-76.062500,90.000000,top
"R22","1K","R_0402_1005Metric",180.825000,-79.550000,-90.000000,top
"R23","75","R_0402_1005Metric",183.875000,-79.500000,-90.000000,top
"R24","10K","R_0402_1005Metric",154.050000,-78.700000,90.000000,top
"R25","2.2K","R_0402_1005Metric",173.670000,-80.230000,180.000000,top
"R26","2.2K","R_0402_1005Metric",173.680000,-81.220000,180.000000,top
"R28","4.7K","R_0402_1005Metric",169.450000,-60.185000,90.000000,top
"R29","4.7K","R_0402_1005Metric",158.125000,-60.700000,90.000000,top
"R31","220","R_0402_1005Metric",165.453500,-79.040000,90.000000,top
"R32","5k1","R_0402_1005Metric",166.425000,-79.028500,90.000000,top
"R33","10K","R_0402_1005Metric",167.403500,-79.040000,-90.000000,top
"R34","1K","R_0402_1005Metric",169.702500,-79.790000,90.000000,top
"R35","10K","R_0402_1005Metric",168.750000,-79.775000,90.000000,top
"S2","EVQ-P7A01P","SW_EVQ-P7A01P",151.720000,-79.250000,-90.000000,top
"TP1","TestPoint","TestPoint_Pad_D1.0mm",178.680000,-61.045000,0.000000,top
"TP2","TestPoint","TestPoint_Pad_D1.0mm",178.650000,-63.090000,0.000000,top
"TP3","TestPoint","TestPoint_Pad_D1.0mm",163.170000,-73.380000,0.000000,top
"TP4","TestPoint","TestPoint_Pad_D1.0mm",163.210000,-75.480000,0.000000,top
"TP5","TestPoint","TestPoint_Pad_D1.0mm",162.000000,-54.500000,90.000000,top
"TP6","TestPoint","TestPoint_Pad_D1.0mm",164.000000,-54.500000,90.000000,top
"TP7","TestPoint","TestPoint_Pad_D1.0mm",166.000000,-54.500000,90.000000,top
"TP8","TestPoint","TestPoint_Pad_D1.0mm",168.000000,-54.500000,90.000000,top
"TP9","TestPoint","TestPoint_Pad_D1.0mm",170.000000,-54.500000,0.000000,top
"TP10","TestPoint","TestPoint_Pad_D1.0mm",172.000000,-54.500000,0.000000,top
"TP11","TestPoint","TestPoint_Pad_D2.0mm",174.750000,-54.500000,0.000000,top
"TP12","TestPoint","TestPoint_Pad_D2.0mm",177.750000,-54.500000,0.000000,top
"TP13","TestPoint","TestPoint_Pad_1.0x1.0mm",180.790000,-90.745000,90.000000,top
"TP14","TestPoint","TestPoint_Pad_1.0x1.0mm",178.390000,-90.745000,90.000000,top
"TP15","TestPoint","TestPoint_Pad_1.0x1.0mm",175.990000,-90.745000,90.000000,top
"TP16","TestPoint","TestPoint_Pad_1.0x1.0mm",173.590000,-90.755000,90.000000,top
"TP17","TestPoint","TestPoint_Pad_2.0x2.0mm",174.590000,-86.995000,90.000000,top
"TP18","TestPoint","TestPoint_Pad_1.0x1.0mm",177.790000,-86.995000,90.000000,top
"TP19","TestPoint","TestPoint_Pad_1.0x1.0mm",180.600000,-87.000000,90.000000,top
"TP20","TestPoint","TestPoint_Pad_D1.0mm",174.750000,-59.800000,-90.000000,top
"TP21","TestPoint","TestPoint_Pad_D1.0mm",172.725000,-59.825000,-90.000000,top
"TP23","TestPoint","TestPoint_Pad_1.0x1.0mm",159.000000,-87.000000,90.000000,top
"TP24","TestPoint","TestPoint_Pad_1.0x1.0mm",161.200000,-87.000000,90.000000,top
"TP25","TestPoint","TestPoint_Pad_1.0x1.0mm",163.400000,-87.000000,90.000000,top
"TP26","TestPoint","TestPoint_Pad_1.0x1.0mm",165.600000,-87.000000,90.000000,top
"TP27","TestPoint","TestPoint_Pad_1.0x1.0mm",164.390000,-90.760000,90.000000,top
"TP28","TestPoint","TestPoint_Pad_1.0x1.0mm",162.190000,-90.760000,90.000000,top
"TP29","TestPoint","TestPoint_Pad_1.0x1.0mm",188.400000,-81.600000,180.000000,top
"TP30","TestPoint","TestPoint_Pad_1.0x1.0mm",188.400000,-79.550000,180.000000,top
"TP31","TestPoint","TestPoint_Pad_2.0x2.0mm",188.400000,-77.600000,180.000000,top
"TP32","TestPoint","TestPoint_Pad_1.0x1.0mm",188.400000,-75.600000,180.000000,top
"TP33","TestPoint","TestPoint_Pad_1.0x1.0mm",188.390000,-73.540000,0.000000,top
"TP34","TestPoint","TestPoint_Pad_1.0x1.0mm",152.220000,-60.010000,0.000000,top
"TP35","TestPoint","TestPoint_Pad_1.0x1.0mm",152.185000,-62.160000,0.000000,top
"TP36","TestPoint","TestPoint_Pad_1.0x1.0mm",168.200000,-87.000000,90.000000,top
"TP36","TestPoint","TestPoint_Pad_1.0x1.0mm",159.865000,-90.725000,-90.000000,top
"TP37","TestPoint","TestPoint_Pad_2.0x2.0mm",171.195000,-87.010000,90.000000,top
"TP38","TestPoint","TestPoint_Pad_1.0x1.0mm",171.200000,-90.755000,-90.000000,top
"TP39","TestPoint","TestPoint_Pad_1.0x1.0mm",168.150000,-90.755000,-90.000000,top
"TP40","TestPoint","TestPoint_Pad_D1.0mm",151.000000,-54.400000,90.000000,top
"TP41","TestPoint","TestPoint_Pad_D1.0mm",155.000000,-50.600000,-90.000000,top
"TP42","TestPoint","TestPoint_Pad_D1.0mm",152.250000,-51.750000,0.000000,top
"TP43","TestPoint","TestPoint_Pad_D1.0mm",151.000000,-85.000000,0.000000,top
"TP44","TestPoint","TestPoint_Pad_D1.0mm",155.000000,-89.000000,0.000000,top
"TP45","TestPoint","TestPoint_Pad_D1.0mm",152.200000,-87.800000,0.000000,top
"TP46","TestPoint","TestPoint_Pad_D1.0mm",189.600000,-54.600000,0.000000,top
"TP47","TestPoint","TestPoint_Pad_D1.0mm",185.600000,-50.600000,0.000000,top
"TP48","TestPoint","TestPoint_Pad_D1.0mm",188.400000,-51.800000,0.000000,top
"TP49","TestPoint","TestPoint_Pad_D1.0mm",189.600000,-85.000000,0.000000,top
"TP50","TestPoint","TestPoint_Pad_D1.0mm",185.600000,-89.000000,0.000000,top
"TP51","TestPoint","TestPoint_Pad_D1.0mm",188.400000,-87.800000,0.000000,top
"U1","STM32F722RETx","LQFP-64_10x10mm_P0.5mm",173.350000,-69.365000,180.000000,top
"U2","BMP388","XDCR_BMP388",177.237500,-81.750000,-90.000000,top
"U5","ESP32-C3","QFN50P500X500X90-33N",184.200000,-62.000000,180.000000,top
"U7","W25Q256JVEIQ","IC_W25N04KVZEIR",163.800000,-60.600000,0.000000,top
"U10","USBLC6-2SC6","SOT-23-6",163.850000,-69.790000,0.000000,top
"Y2","C3E-40.000-10-1015-X-R","XTAL_C3E-40.000-10-1015-X-R",182.785000,-68.460000,0.000000,top
"Y3","C3E-8.000-18-3030-X-R","XTAL_C3E-8.000-18-3030-X-R",182.765000,-72.385000,0.000000,top
