"Value","Description","Reference","Footprint","Qty","MANUFACTURER","MANUFACTURER PART NUMBER","LCSC","Distributor Link","Datasheet"
"1.8nH","Inductor SMD 0402","L3","Inductor_SMD:L_0402_1005Metric","1","muRata","LQG15HS1N8S02D","C77107","https://www.lcsc.com/product-detail/C77107.html?s_z=s_p_LQG15HS1N8S02D&spm=wm.fly.bg.0.xh&lcsc_vid=QlYMBlcCFVkMUFQFQABYU1xXEVhXVFdQRFkMVFMFEVUxVlNeR1NbVVxRRlZaVDsOAxUeFF5JWBYZEEoKFBINSQcJGk4dAgUUFAk%3D","https://www.lcsc.com/datasheet/C77107.pdf?spm=wm.sxq.inf.ggs___wm.fly.bg.0.xh&lcsc_vid=QlYMBlcCFVkMUFQFQABYU1xXEVhXVFdQRFkMVFMFEVUxVlNeR1NbVVxRRlZaVDsOAxUeFF5JWBYZEEoKFBINSQcJGk4dAgUUFAk%3D"
"10nF","Unpolarized capacitor SMD 0402","C10,C33","Capacitor_SMD:C_0402_1005Metric","2","Samsung Electro-Mechanics","CL05B103KB5NNNC","C15195","https://www.lcsc.com/product-detail/C15195.html?spm=wm.fly.bg.0.xh___wm.fly.tp.3.ml&lcsc_vid=QQRbAQJREQJYUFQARlQPUgVXEgNcVgAFT1NfUwAERwAxVlNeR1NdV1JXRlNfVDsOAxUeFF5JWBYZEEoKFBINSQcJGk4dAgUUFAk%3D","https://www.lcsc.com/datasheet/C15195.pdf?spm=wm.sxq.inf.ggs___wm.fly.bg.0.xh&lcsc_vid=QQRbAQJREQJYUFQARlQPUgVXEgNcVgAFT1NfUwAERwAxVlNeR1NdV1JXRlNfVDsOAxUeFF5JWBYZEEoKFBINSQcJGk4dAgUUFAk%3D"
"100nF","Unpolarized capacitor SMD 0402","C1,C2,C3,C4,C6,C11,C14,C15,C16,C23,C26,C27,C28,C29,C30,C32,C35,C36,C38,C41,C42,C44,C45,C46,C47,C48,C49,C50","Capacitor_SMD:C_0402_1005Metric","28","Samsung Electro-Mechanics","CL05A104KA5NNNC","C100072","https://www.lcsc.com/product-detail/C100072.html?spm=wm.fly.bg.4.xh___wm.fly.tp.3.ml&lcsc_vid=QQRbAQJREQJYUFQARlQPUgVXEgNcVgAFT1NfUwAERwAxVlNeR1NdV1JXRlNfVDsOAxUeFF5JWBYZEEoKFBINSQcJGk4dAgUUFAk%3D","https://www.lcsc.com/datasheet/C100072.pdf?spm=wm.sxq.inf.ggs___wm.fly.bg.4.xh&lcsc_vid=QQRbAQJREQJYUFQARlQPUgVXEgNcVgAFT1NfUwAERwAxVlNeR1NdV1JXRlNfVDsOAxUeFF5JWBYZEEoKFBINSQcJGk4dAgUUFAk%3D"
"1uF","Unpolarized capacitor SMD 0805","C7","Capacitor_SMD:C_0805_2012Metric","1","Samsung Electro-Mechanics","CL21B105KOFNNNE","C24123","https://www.lcsc.com/product-detail/C24123.html?spm=wm.fly.bg.1.xh___wm.fly.tp.3.ml&lcsc_vid=QQRbAQJREQJYUFQARlQPUgVXEgNcVgAFT1NfUwAERwAxVlNeR1NdV1JXRlNfVDsOAxUeFF5JWBYZEEoKFBINSQcJGk4dAgUUFAk%3D","https://www.lcsc.com/datasheet/C24123.pdf?spm=wm.sxq.inf.ggs___wm.fly.bg.1.xh&lcsc_vid=QQRbAQJREQJYUFQARlQPUgVXEgNcVgAFT1NfUwAERwAxVlNeR1NdV1JXRlNfVDsOAxUeFF5JWBYZEEoKFBINSQcJGk4dAgUUFAk%3D"
"1uF","Unpolarized capacitor SMD 0402","C24,C25,C34,C39","Capacitor_SMD:C_0402_1005Metric","4","Samsung Electro-Mechanics","CL05A105KO5NNNC","C29266","https://www.lcsc.com/product-detail/C29266.html?spm=wm.fly.bg.0.xh___wm.fly.tp.3.ml&lcsc_vid=QQRbAQJREQJYUFQARlQPUgVXEgNcVgAFT1NfUwAERwAxVlNeR1NdV1JXRlNfVDsOAxUeFF5JWBYZEEoKFBINSQcJGk4dAgUUFAk%3D","https://www.lcsc.com/datasheet/C29266.pdf?spm=wm.sxq.inf.ggs___wm.fly.bg.0.xh&lcsc_vid=QQRbAQJREQJYUFQARlQPUgVXEgNcVgAFT1NfUwAERwAxVlNeR1NdV1JXRlNfVDsOAxUeFF5JWBYZEEoKFBINSQcJGk4dAgUUFAk%3D"
"2.2uF","Unpolarized capacitor SMD 0402","C8,C9","Capacitor_SMD:C_0402_1005Metric","2","Samsung Electro-Mechanics","CL05A225KP5NSNC","C107369","https://www.lcsc.com/product-detail/C107369.html?spm=wm.fly.bg.2.xh___wm.fly.tp.3.ml&lcsc_vid=QQRbAQJREQJYUFQARlQPUgVXEgNcVgAFT1NfUwAERwAxVlNeR1NdV1JXRlNfVDsOAxUeFF5JWBYZEEoKFBINSQcJGk4dAgUUFAk%3D","https://www.lcsc.com/datasheet/C107369.pdf?spm=wm.sxq.inf.ggs___wm.fly.bg.2.xh&lcsc_vid=QQRbAQJREQJYUFQARlQPUgVXEgNcVgAFT1NfUwAERwAxVlNeR1NdV1JXRlNfVDsOAxUeFF5JWBYZEEoKFBINSQcJGk4dAgUUFAk%3D"
"4.7uF","Unpolarized capacitor SMD 0603","C5,C12,C13","Capacitor_SMD:C_0603_1608Metric","3","Samsung Electro-Mechanics","CL10A475KO8NNNC","C19666","https://www.lcsc.com/product-detail/C19666.html?spm=wm.fly.bg.0.xh___wm.fly.tp.3.ml&lcsc_vid=QQRbAQJREQJYUFQARlQPUgVXEgNcVgAFT1NfUwAERwAxVlNeR1NdV1JXRlNfVDsOAxUeFF5JWBYZEEoKFBINSQcJGk4dAgUUFAk%3D","https://www.lcsc.com/datasheet/C19666.pdf?spm=wm.sxq.inf.ggs___wm.fly.bg.0.xh&lcsc_vid=QQRbAQJREQJYUFQARlQPUgVXEgNcVgAFT1NfUwAERwAxVlNeR1NdV1JXRlNfVDsOAxUeFF5JWBYZEEoKFBINSQcJGk4dAgUUFAk%3D"
"10uF","Unpolarized capacitor SMD 0805","C18,C21,C37","Capacitor_SMD:C_0805_2012Metric","3","Samsung Electro-Mechanics","CL21A106KBYQNNE","C2932476","https://www.lcsc.com/product-detail/C2932476.html?spm=wm.fly.bg.0.xh___wm.fly.tp.3.ml&lcsc_vid=QQRbAQJREQJYUFQARlQPUgVXEgNcVgAFT1NfUwAERwAxVlNeR1NdV1JXRlNfVDsOAxUeFF5JWBYZEEoKFBINSQcJGk4dAgUUFAk%3D","https://www.lcsc.com/datasheet/C2932476.pdf?spm=wm.sxq.inf.ggs___wm.fly.bg.0.xh&lcsc_vid=QQRbAQJREQJYUFQARlQPUgVXEgNcVgAFT1NfUwAERwAxVlNeR1NdV1JXRlNfVDsOAxUeFF5JWBYZEEoKFBINSQcJGk4dAgUUFAk%3D"
"10uH","Molded power inductor SMD","L1,L2","Inductor_SMD:L_Changjiang_FTC404020S","2","FAUKU","GXTC0420-100-MT","C53198553","https://www.lcsc.com/product-detail/C53198553.html?s_z=s_p_GXTC0420-100-MT&spm=wm.fly.bg.0.xh&lcsc_vid=QQRbAQJREQJYUFQARlQPUgVXEgNcVgAFT1NfUwAERwAxVlNeR1NdVFVRRFhbVDsOAxUeFF5JWBYZEEoKFBINSQcJGk4dAgUUFAk%3D","https://www.lcsc.com/datasheet/C602037.pdf?spm=wm.sxq.inf.ggs___wm.fly.bg.0.xh&lcsc_vid=QQRbAQJREQJYUFQARlQPUgVXEgNcVgAFT1NfUwAERwAxVlNeR1NdV1JXRlNfVDsOAxUeFF5JWBYZEEoKFBINSQcJGk4dAgUUFAk%3D"
"22uF","Unpolarized capacitor SMD 0805","C17,C19,C31,C40,C43","Capacitor_SMD:C_0805_2012Metric","5","Chinocera","HGC0805R5226M350NSLJ","C22367832","https://www.lcsc.com/product-detail/C22367832.html?spm=wm.fly.bg.0.xh___wm.fly.tp.3.ml&lcsc_vid=QQRbAQJREQJYUFQARlQPUgVXEgNcVgAFT1NfUwAERwAxVlNeR1NdV1JXRlNfVDsOAxUeFF5JWBYZEEoKFBINSQcJGk4dAgUUFAk%3D","https://www.lcsc.com/datasheet/C22367832.pdf?spm=wm.sxq.inf.ggs___wm.fly.bg.0.xh&lcsc_vid=QQRbAQJREQJYUFQARlQPUgVXEgNcVgAFT1NfUwAERwAxVlNeR1NdV1JXRlNfVDsOAxUeFF5JWBYZEEoKFBINSQcJGk4dAgUUFAk%3D"
"47uF","Unpolarized capacitor SMD 0805","C20,C22","Capacitor_SMD:C_0805_2012Metric","2","Samsung Electro-Mechanics","CL21A476MPYNNWE","C5596752","https://www.lcsc.com/product-detail/C5596752.html?spm=wm.fly.bg.2.xh___wm.fly.tp.3.ml&lcsc_vid=QQRbAQJREQJYUFQARlQPUgVXEgNcVgAFT1NfUwAERwAxVlNeR1NdV1JXRlNfVDsOAxUeFF5JWBYZEEoKFBINSQcJGk4dAgUUFAk%3D","https://www.lcsc.com/datasheet/C5596752.pdf?spm=wm.sxq.inf.ggs___wm.fly.bg.2.xh&lcsc_vid=QQRbAQJREQJYUFQARlQPUgVXEgNcVgAFT1NfUwAERwAxVlNeR1NdV1JXRlNfVDsOAxUeFF5JWBYZEEoKFBINSQcJGk4dAgUUFAk%3D"
"20","Resistor SMD 0402","R10,R13","Resistor_SMD:R_0402_1005Metric","2","YAGEO","RC0402FR-0720RL","C138031","https://www.lcsc.com/product-detail/C138031.html?spm=wm.fly.bg.0.xh___wm.fly.dhl.mly.12-6-1&lcsc_vid=QQRbAQJREQJYUFQARlQPUgVXEgNcVgAFT1NfUwAERwAxVlNeR1NdVFVRRFhbVDsOAxUeFF5JWBYZEEoKFBINSQcJGk4dAgUUFAk%3D","https://www.lcsc.com/datasheet/C138031.pdf?spm=wm.sxq.inf.ggs___wm.fly.bg.0.xh&lcsc_vid=QQRbAQJREQJYUFQARlQPUgVXEgNcVgAFT1NfUwAERwAxVlNeR1NdVFVRRFhbVDsOAxUeFF5JWBYZEEoKFBINSQcJGk4dAgUUFAk%3D"
"47","Resistor SMD 0402","R18","Resistor_SMD:R_0402_1005Metric","1","YAGEO","RC0402FR-0747RL","C137973","https://www.lcsc.com/product-detail/C137973.html?spm=wm.fly.bg.0.xh___wm.fly.dhl.mly.12-6-1&lcsc_vid=QQRbAQJREQJYUFQARlQPUgVXEgNcVgAFT1NfUwAERwAxVlNeR1NdVFVRRFhbVDsOAxUeFF5JWBYZEEoKFBINSQcJGk4dAgUUFAk%3D","https://www.lcsc.com/datasheet/C137973.pdf?spm=wm.sxq.inf.ggs___wm.fly.bg.0.xh&lcsc_vid=QQRbAQJREQJYUFQARlQPUgVXEgNcVgAFT1NfUwAERwAxVlNeR1NdVFVRRFhbVDsOAxUeFF5JWBYZEEoKFBINSQcJGk4dAgUUFAk%3D"
"75","Resistor SMD 0402","R23,R30,R38","Resistor_SMD:R_0402_1005Metric","3","YAGEO","RC0402JR-0775RL","C137841","https://www.lcsc.com/product-detail/C137841.html?spm=wm.fly.bg.11.xh___wm.fly.dhl.mly.12-6-1&lcsc_vid=QQRbAQJREQJYUFQARlQPUgVXEgNcVgAFT1NfUwAERwAxVlNeR1NdVFVRRFhbVDsOAxUeFF5JWBYZEEoKFBINSQcJGk4dAgUUFAk%3D","https://www.lcsc.com/datasheet/C137841.pdf?spm=wm.sxq.inf.ggs___wm.fly.bg.11.xh&lcsc_vid=QQRbAQJREQJYUFQARlQPUgVXEgNcVgAFT1NfUwAERwAxVlNeR1NdVFVRRFhbVDsOAxUeFF5JWBYZEEoKFBINSQcJGk4dAgUUFAk%3D"
"80","Resistor SMD 0402","R2,R3","Resistor_SMD:R_0402_1005Metric","2","YAGEO","RC0402FR-0780R6L","C185392","https://www.lcsc.com/product-detail/C185392.html?spm=wm.fly.bg.0.xh___wm.fly.dhl.mly.12-6-1&lcsc_vid=QQRbAQJREQJYUFQARlQPUgVXEgNcVgAFT1NfUwAERwAxVlNeR1NdVFVRRFhbVDsOAxUeFF5JWBYZEEoKFBINSQcJGk4dAgUUFAk%3D","https://www.lcsc.com/datasheet/C185392.pdf?spm=wm.sxq.inf.ggs___wm.fly.bg.0.xh&lcsc_vid=QQRbAQJREQJYUFQARlQPUgVXEgNcVgAFT1NfUwAERwAxVlNeR1NdVFVRRFhbVDsOAxUeFF5JWBYZEEoKFBINSQcJGk4dAgUUFAk%3D"
"220","Resistor SMD 0402","R21,R31","Resistor_SMD:R_0402_1005Metric","2","YAGEO","RC0402FR-07220RL","C112291","https://www.lcsc.com/product-detail/C112291.html?spm=wm.fly.bg.0.xh___wm.fly.dhl.mly.12-6-1&lcsc_vid=QQRbAQJREQJYUFQARlQPUgVXEgNcVgAFT1NfUwAERwAxVlNeR1NdVFVRRFhbVDsOAxUeFF5JWBYZEEoKFBINSQcJGk4dAgUUFAk%3D","https://www.lcsc.com/datasheet/C112291.pdf?spm=wm.sxq.inf.ggs___wm.fly.bg.0.xh&lcsc_vid=QQRbAQJREQJYUFQARlQPUgVXEgNcVgAFT1NfUwAERwAxVlNeR1NdVFVRRFhbVDsOAxUeFF5JWBYZEEoKFBINSQcJGk4dAgUUFAk%3D"
"1K","Resistor SMD 0402","R22,R34","Resistor_SMD:R_0402_1005Metric","2","YAGEO","RC0402FR-071KL","C106235","https://www.lcsc.com/product-detail/C106235.html?spm=wm.fly.bg.0.xh___wm.fly.dhl.mly.12-6-1&lcsc_vid=QQRbAQJREQJYUFQARlQPUgVXEgNcVgAFT1NfUwAERwAxVlNeR1NdVFVRRFhbVDsOAxUeFF5JWBYZEEoKFBINSQcJGk4dAgUUFAk%3D","https://www.lcsc.com/datasheet/C106235.pdf?spm=wm.sxq.inf.ggs___wm.fly.bg.0.xh&lcsc_vid=QQRbAQJREQJYUFQARlQPUgVXEgNcVgAFT1NfUwAERwAxVlNeR1NdVFVRRFhbVDsOAxUeFF5JWBYZEEoKFBINSQcJGk4dAgUUFAk%3D"
"2K","Resistor SMD 0402","R17","Resistor_SMD:R_0402_1005Metric","1","YAGEO","RC0402FR-072KL","C60488","https://www.lcsc.com/product-detail/C60488.html?spm=wm.fly.bg.0.xh___wm.fly.dhl.mly.12-6-1&lcsc_vid=QQRbAQJREQJYUFQARlQPUgVXEgNcVgAFT1NfUwAERwAxVlNeR1NdVFVRRFhbVDsOAxUeFF5JWBYZEEoKFBINSQcJGk4dAgUUFAk%3D","https://www.lcsc.com/datasheet/C60488.pdf?spm=wm.sxq.inf.ggs___wm.fly.bg.0.xh&lcsc_vid=QQRbAQJREQJYUFQARlQPUgVXEgNcVgAFT1NfUwAERwAxVlNeR1NdVFVRRFhbVDsOAxUeFF5JWBYZEEoKFBINSQcJGk4dAgUUFAk%3D"
"2.2K","Resistor SMD 0402","R25,R26","Resistor_SMD:R_0402_1005Metric","2","YAGEO","RC0402JR-072K2L","C163447","https://www.lcsc.com/product-detail/C163447.html?spm=wm.fly.bg.2.xh___wm.fly.dhl.mly.12-6-1&lcsc_vid=QQRbAQJREQJYUFQARlQPUgVXEgNcVgAFT1NfUwAERwAxVlNeR1NdVFVRRFhbVDsOAxUeFF5JWBYZEEoKFBINSQcJGk4dAgUUFAk%3D","https://www.lcsc.com/datasheet/C163447.pdf?spm=wm.sxq.inf.ggs___wm.fly.bg.2.xh&lcsc_vid=QQRbAQJREQJYUFQARlQPUgVXEgNcVgAFT1NfUwAERwAxVlNeR1NdVFVRRFhbVDsOAxUeFF5JWBYZEEoKFBINSQcJGk4dAgUUFAk%3D"
"3K92","Resistor SMD 0402","R9","Resistor_SMD:R_0402_1005Metric","1","YAGEO","RC0402FR-073K9L","C131467","https://www.lcsc.com/product-detail/C131467.html?spm=wm.fly.bg.2.xh___wm.fly.dhl.mly.12-6-1&lcsc_vid=QQRbAQJREQJYUFQARlQPUgVXEgNcVgAFT1NfUwAERwAxVlNeR1NdVFVRRFhbVDsOAxUeFF5JWBYZEEoKFBINSQcJGk4dAgUUFAk%3D","https://www.lcsc.com/datasheet/C131467.pdf?spm=wm.sxq.inf.ggs___wm.fly.bg.2.xh&lcsc_vid=QQRbAQJREQJYUFQARlQPUgVXEgNcVgAFT1NfUwAERwAxVlNeR1NdVFVRRFhbVDsOAxUeFF5JWBYZEEoKFBINSQcJGk4dAgUUFAk%3D"
"4.7K","Resistor SMD 0402","R27,R28,R29","Resistor_SMD:R_0402_1005Metric","3","YAGEO","RC0402FR-074K7L","C105871","https://www.lcsc.com/product-detail/C105871.html?spm=wm.fly.bg.0.xh___wm.fly.dhl.mly.12-6-1&lcsc_vid=QQRbAQJREQJYUFQARlQPUgVXEgNcVgAFT1NfUwAERwAxVlNeR1NdVFVRRFhbVDsOAxUeFF5JWBYZEEoKFBINSQcJGk4dAgUUFAk%3D","https://www.lcsc.com/datasheet/C105871.pdf?spm=wm.sxq.inf.ggs___wm.fly.bg.0.xh&lcsc_vid=QQRbAQJREQJYUFQARlQPUgVXEgNcVgAFT1NfUwAERwAxVlNeR1NdVFVRRFhbVDsOAxUeFF5JWBYZEEoKFBINSQcJGk4dAgUUFAk%3D"
"5k1","Resistor SMD 0402","R1,R5,R32","Resistor_SMD:R_0402_1005Metric","3","YAGEO","RC0402FR-075K1L","C105872","https://www.lcsc.com/product-detail/C105872.html?spm=wm.fly.bg.0.xh___wm.fly.dhl.mly.12-6-1&lcsc_vid=QQRbAQJREQJYUFQARlQPUgVXEgNcVgAFT1NfUwAERwAxVlNeR1NdVFVRRFhbVDsOAxUeFF5JWBYZEEoKFBINSQcJGk4dAgUUFAk%3D","https://www.lcsc.com/datasheet/C105872.pdf?spm=wm.sxq.inf.ggs___wm.fly.bg.0.xh&lcsc_vid=QQRbAQJREQJYUFQARlQPUgVXEgNcVgAFT1NfUwAERwAxVlNeR1NdVFVRRFhbVDsOAxUeFF5JWBYZEEoKFBINSQcJGk4dAgUUFAk%3D"
"7K5","Resistor SMD 0402","R15","Resistor_SMD:R_0402_1005Metric","1","UNI-ROYAL","0402WGF7501TCE","C25918","https://www.lcsc.com/product-detail/C25918.html?spm=wm.fly.bg.0.xh___wm.fly.dhl.mly.12-6-1&lcsc_vid=QQRbAQJREQJYUFQARlQPUgVXEgNcVgAFT1NfUwAERwAxVlNeR1NdVFVRRFhbVDsOAxUeFF5JWBYZEEoKFBINSQcJGk4dAgUUFAk%3D","https://www.lcsc.com/datasheet/C25918.pdf?spm=wm.sxq.inf.ggs___wm.fly.bg.0.xh&lcsc_vid=QQRbAQJREQJYUFQARlQPUgVXEgNcVgAFT1NfUwAERwAxVlNeR1NdVFVRRFhbVDsOAxUeFF5JWBYZEEoKFBINSQcJGk4dAgUUFAk%3D"
"10K","Resistor SMD 0402","R4,R6,R12,R20,R24,R33,R35","Resistor_SMD:R_0402_1005Metric","7","YAGEO","RC0402JR-0710KL","C60489","https://www.lcsc.com/product-detail/C60489.html?spm=wm.fly.bg.4.xh___wm.fly.dhl.mly.12-6-1&lcsc_vid=QQRbAQJREQJYUFQARlQPUgVXEgNcVgAFT1NfUwAERwAxVlNeR1NdVFVRRFhbVDsOAxUeFF5JWBYZEEoKFBINSQcJGk4dAgUUFAk%3D","https://www.lcsc.com/datasheet/C60489.pdf?spm=wm.sxq.inf.ggs___wm.fly.bg.4.xh&lcsc_vid=QQRbAQJREQJYUFQARlQPUgVXEgNcVgAFT1NfUwAERwAxVlNeR1NdVFVRRFhbVDsOAxUeFF5JWBYZEEoKFBINSQcJGk4dAgUUFAk%3D"
"18K","Resistor SMD 0402","R11","Resistor_SMD:R_0402_1005Metric","1","UNI-ROYAL","0402WGF1802TCE","C25762","https://www.lcsc.com/product-detail/C25762.html?spm=wm.fly.bg.0.xh___wm.fly.dhl.mly.12-6-1&lcsc_vid=QQRbAQJREQJYUFQARlQPUgVXEgNcVgAFT1NfUwAERwAxVlNeR1NdVFVRRFhbVDsOAxUeFF5JWBYZEEoKFBINSQcJGk4dAgUUFAk%3D","https://www.lcsc.com/datasheet/C25762.pdf?spm=wm.sxq.inf.ggs___wm.fly.bg.0.xh&lcsc_vid=QQRbAQJREQJYUFQARlQPUgVXEgNcVgAFT1NfUwAERwAxVlNeR1NdVFVRRFhbVDsOAxUeFF5JWBYZEEoKFBINSQcJGk4dAgUUFAk%3D"
"41K2","Resistor SMD 0402","R8,R16","Resistor_SMD:R_0402_1005Metric","2","VISHAY","CRCW040241K2FKED","C844310","https://www.lcsc.com/product-detail/C844310.html?spm=wm.fly.bg.0.xh___wm.fly.dhl.mly.12-6-1&lcsc_vid=QQRbAQJREQJYUFQARlQPUgVXEgNcVgAFT1NfUwAERwAxVlNeR1NdVFVRRFhbVDsOAxUeFF5JWBYZEEoKFBINSQcJGk4dAgUUFAk%3D","https://www.lcsc.com/datasheet/C844310.pdf?spm=wm.sxq.inf.ggs___wm.fly.bg.0.xh&lcsc_vid=QQRbAQJREQJYUFQARlQPUgVXEgNcVgAFT1NfUwAERwAxVlNeR1NdVFVRRFhbVDsOAxUeFF5JWBYZEEoKFBINSQcJGk4dAgUUFAk%3D"
"51K","Resistor SMD 0402","R7,R14","Resistor_SMD:R_0402_1005Metric","2","YAGEO","RC0402FR-0751KL","C107229","https://www.lcsc.com/product-detail/C107229.html?spm=wm.fly.bg.0.xh___wm.fly.dhl.mly.12-6-1&lcsc_vid=QQRbAQJREQJYUFQARlQPUgVXEgNcVgAFT1NfUwAERwAxVlNeR1NdVFVRRFhbVDsOAxUeFF5JWBYZEEoKFBINSQcJGk4dAgUUFAk%3D","https://www.lcsc.com/datasheet/C107229.pdf?spm=wm.sxq.inf.ggs___wm.fly.bg.0.xh&lcsc_vid=QQRbAQJREQJYUFQARlQPUgVXEgNcVgAFT1NfUwAERwAxVlNeR1NdVFVRRFhbVDsOAxUeFF5JWBYZEEoKFBINSQcJGk4dAgUUFAk%3D"
"1M","Resistor SMD 0402","R36,R37","Resistor_SMD:R_0402_1005Metric","2","YAGEO","RC0402JR-071ML","C93949","https://www.lcsc.com/product-detail/C93949.html?spm=wm.fly.bg.1.xh___wm.fly.dhl.mly.12-6-1&lcsc_vid=QQRbAQJREQJYUFQARlQPUgVXEgNcVgAFT1NfUwAERwAxVlNeR1NdVFVRRFhbVDsOAxUeFF5JWBYZEEoKFBINSQcJGk4dAgUUFAk%3D","https://www.lcsc.com/datasheet/C93949.pdf?spm=wm.sxq.inf.ggs___wm.fly.bg.1.xh&lcsc_vid=QQRbAQJREQJYUFQARlQPUgVXEgNcVgAFT1NfUwAERwAxVlNeR1NdVFVRRFhbVDsOAxUeFF5JWBYZEEoKFBINSQcJGk4dAgUUFAk%3D"
"120 Ohms @ 100 MHz","Ferrite Bead SMD 0402","FL1","Inductor_SMD:L_0402_1005Metric","1","TDK","MPZ1005S121CT000","C107331","https://www.lcsc.com/product-detail/C107331.html?s_z=n_q_t_ferrite%2520bead&spm=wm.fly.bg.3.xh___wm.ssy.tc.0.tz&lcsc_vid=QlYMBlcCFVkMUFQFQABYU1xXEVhXVFdQRFkMVFMFEVUxVlNeR1NbUV1VQlReVzsOAxUeFF5JWBYZEEoKFBINSQcJGk4eFQsCAgIaSgADAwAHC0slRlhbU1NTQ08GEwkK","https://www.lcsc.com/datasheet/C107331.pdf?spm=wm.sxq.inf.ggs___wm.fly.bg.3.xh&lcsc_vid=QlYMBlcCFVkMUFQFQABYU1xXEVhXVFdQRFkMVFMFEVUxVlNeR1NbUV1VQlReVzsOAxUeFF5JWBYZEEoKFBINSQcJGk4eFQsCAgIaSgADAwAHC0slRlhbU1NTQ08GEwkK"
"220 Ohms @ 100 MHz","220 Ohms @ 100 MHz 1 Power Line Ferrite Bead 0402 (1608 Metric) 1.4A 100mOhm","FL2","Inductor_SMD:L_0402_1005Metric","1","muRata","BLM15BB221SN1D","C85818","https://www.lcsc.com/product-detail/C85818.html?s_z=n_q_t_ferrite%2520bead&spm=wm.fly.bg.1.xh___wm.ssy.tc.0.tz&lcsc_vid=QlYMBlcCFVkMUFQFQABYU1xXEVhXVFdQRFkMVFMFEVUxVlNeR1NbUV1VQlReVzsOAxUeFF5JWBYZEEoKFBINSQcJGk4eFQsCAgIaSgADAwAHC0slRlhbU1NTQ08GEwkK","https://www.lcsc.com/datasheet/C85818.pdf?spm=wm.sxq.inf.ggs___wm.fly.bg.1.xh&lcsc_vid=QlYMBlcCFVkMUFQFQABYU1xXEVhXVFdQRFkMVFMFEVUxVlNeR1NbUV1VQlReVzsOAxUeFF5JWBYZEEoKFBINSQcJGk4eFQsCAgIaSgADAwAHC0slRlhbU1NTQ08GEwkK"
"2450AT43B100E","2.4GHz Bluetooth, Wi-Fi, WLAN Chip RF Antenna 2.4GHz ~ 2.5GHz 1.3dBi Solder Surface Mount","AT1","2450AT43B100E:ANTENNA_2450AT43B100E","1","Johanson Dielectrics","2450AT43B100E","C2917721","https://www.lcsc.com/product-detail/C2917721.html?s_z=s_p_2450AT43B100E&spm=wm.fly.bg.0.cbh&lcsc_vid=QlYMBlcCFVkMUFQFQABYU1xXEVhXVFdQRFkMVFMFEVUxVlNeR1NbVVdXRlVZUjsOAxUeFF5JWBYZEEoKFBINSQcJGk4dAgUUFAk%3D","https://www.lcsc.com/datasheet/C2917721.pdf?spm=wm.sxq.inf.ggs___wm.fly.bg.0.cbh&lcsc_vid=QlYMBlcCFVkMUFQFQABYU1xXEVhXVFdQRFkMVFMFEVUxVlNeR1NbVVdXRlVZUjsOAxUeFF5JWBYZEEoKFBINSQcJGk4dAgUUFAk%3D"
"AT7456E","Video Character Overlay Chip (OSD)","IC1","AT7456E_KiCad:SOP65P640X120-29N","1","ZHONGKEWEI","AT7456E","C82351","https://www.lcsc.com/product-detail/C82351.html?s_z=s_p_t_AT7456E&spm=wm.fly.bg.0.xh___wm.ssy.tc.0.tz&lcsc_vid=QlYMBlcCFVkMUFQFQABYU1xXEVhXVFdQRFkMVFMFEVUxVlNeR1NbUFVfRVJZUzsOAxUeFF5JWBYZEEoKFBINSQcJGk4eFQsCAgIaSgADAwAHC0slQFZfV1NIHxUDCw%3D%3D","https://www.lcsc.com/datasheet/C82351.pdf?spm=wm.sxq.inf.ggs___wm.fly.bg.0.xh&lcsc_vid=QlYMBlcCFVkMUFQFQABYU1xXEVhXVFdQRFkMVFMFEVUxVlNeR1NbUFVfRVJZUzsOAxUeFF5JWBYZEEoKFBINSQcJGk4eFQsCAgIaSgADAwAHC0slQFZfV1NIHxUDCw%3D%3D"
"ABM8-27.000MHZ-B2-T","27 MHz ±20ppm Crystal 18pF 50 Ohms 4-SMD, No Lead","Y1","ABM8-27.000MHZ-B2-T:XTAL_ABM8-27.000MHZ-B2-T","1","ABRACON","ABM8-27.000MHZ-B2-T","C1985251","https://www.lcsc.com/product-detail/C1985251.html?s_z=s_p_ABM8-27.000MHZ-B2-T&spm=wm.fly.bg.0.xh&lcsc_vid=QlYMBlcCFVkMUFQFQABYU1xXEVhXVFdQRFkMVFMFEVUxVlNeR1NbUFZQQFZdXjsOAxUeFF5JWBYZEEoKFBINSQcJGk4dAgUUFAk%3D","https://www.lcsc.com/datasheet/C1985251.pdf?spm=wm.sxq.inf.ggs___wm.fly.bg.0.xh&lcsc_vid=QlYMBlcCFVkMUFQFQABYU1xXEVhXVFdQRFkMVFMFEVUxVlNeR1NbUFZQQFZdXjsOAxUeFF5JWBYZEEoKFBINSQcJGk4dAgUUFAk%3D"
"AO3400A","30V Vds, 5.7A Id, N-Channel MOSFET, SOT-23","Q2","Package_TO_SOT_SMD:SOT-23","1","AOS","AO3400A","C20917","https://www.lcsc.com/product-detail/C20917.html?s_z=s_p_AO3400A&spm=wm.fly.bg.0.xh&lcsc_vid=QlYMBlcCFVkMUFQFQABYU1xXEVhXVFdQRFkMVFMFEVUxVlNeR1NbUFdVRlJeUDsOAxUeFF5JWBYZEEoKFBINSQcJGk4dAgUUFAk%3D","https://www.lcsc.com/datasheet/C20917.pdf?spm=wm.sxq.inf.ggs___wm.fly.bg.0.xh&lcsc_vid=QlYMBlcCFVkMUFQFQABYU1xXEVhXVFdQRFkMVFMFEVUxVlNeR1NbUFdVRlJeUDsOAxUeFF5JWBYZEEoKFBINSQcJGk4dAgUUFAk%3D"
"AP7361C-33FGE-7","1A LOW DROPOUT FIXED-MODE REGULATOR WITH ENABLE","U11","AP7361C-FGE-7:SON65P300X300X63-9N","1","Diodes Inc.","AP7361C-33FGE-7","C151007","https://www.lcsc.com/product-detail/C151007.html?s_z=s_p_AP7361C-33FGE-7&spm=wm.fly.bg.0.xh&lcsc_vid=FFRaV1dUQ1ZeAgEFEwIIA1AER1gKAQFXFVIMBQACQQAxVlNeR1JdV1VRRlRbVjsOAxUeFF5JWBYZEEoKFBINSQcJGk4dAgUUFAk%3D","https://www.lcsc.com/datasheet/C151007.pdf?spm=wm.sxq.inf.ggs___wm.fly.bg.0.xh&lcsc_vid=FFRaV1dUQ1ZeAgEFEwIIA1AER1gKAQFXFVIMBQACQQAxVlNeR1JdV1VRRlRbVjsOAxUeFF5JWBYZEEoKFBINSQcJGk4dAgUUFAk%3D"
"BAT54C","dual schottky barrier diode, common cathode","D8","Package_TO_SOT_SMD:SOT-23","1","onsemi","BAT54CLT1G","C14308","https://www.lcsc.com/product-detail/C14308.html?s_z=s_q_x_BAT54CLT1G&spm=wm.ssy.em.0.tz&lcsc_vid=QlYMBlcCFVkMUFQFQABYU1xXEVhXVFdQRFkMVFMFEVUxVlNeR1NbUFBQRldaVzsOAxUeFF5JWBYZEEoKFBINSQcJGk4dAgUUFAk%3D","https://www.lcsc.com/datasheet/C14308.pdf?spm=wm.sxq.inf.ggs___wm.ssy.em.0.tz&lcsc_vid=QlYMBlcCFVkMUFQFQABYU1xXEVhXVFdQRFkMVFMFEVUxVlNeR1NbUFBQRldaVzsOAxUeFF5JWBYZEEoKFBINSQcJGk4dAgUUFAk%3D"
"BMP388","Pressure Sensor 4.35PSI ~ 18.13PSI (30kPa ~ 125kPa) Absolute - - 10-WFLGA","U2","BMP388:XDCR_BMP388","1","Bosch Sensortec","BMP388","C779278","https://www.lcsc.com/product-detail/C779278.html?s_z=s_p_x_BMP388&spm=wm.ssy.em.0.tz&lcsc_vid=QlYMBlcCFVkMUFQFQABYU1xXEVhXVFdQRFkMVFMFEVUxVlNeR1NbUFFXQlNfVzsOAxUeFF5JWBYZEEoKFBINSQcJGk4eFQsCAgIaSgADAwAHC0slRlVdV1xIHxUDCw%3D%3D","https://www.lcsc.com/datasheet/C779278.pdf?spm=wm.sxq.inf.ggs___wm.ssy.em.0.tz&lcsc_vid=QlYMBlcCFVkMUFQFQABYU1xXEVhXVFdQRFkMVFMFEVUxVlNeR1NbUFFXQlNfVzsOAxUeFF5JWBYZEEoKFBINSQcJGk4eFQsCAgIaSgADAwAHC0slRlVdV1xIHxUDCw%3D%3D"
"C3E-40.000-10-1015-X-R","Crystal, 3.20mm x2.50mm,40MHz,10pF,-40-85C","Y2","C3E-40.000-10-1015-X-R:XTAL_C3E-40.000-10-1015-X-R","1","YXC Crystal Oscillators","XL2EL89CPI-111YLC-40M","C5444549","https://www.lcsc.com/product-detail/C5444549.html?s_z=n_q_%2509%2520Crystal%252040MHz&spm=wm.fly.bg.0.xh&lcsc_vid=QlYMBlcCFVkMUFQFQABYU1xXEVhXVFdQRFkMVFMFEVUxVlNeR1NbUFJXRVddVjsOAxUeFF5JWBYZEEoKFBINSQcJGk4eFQsCAgIaSgADAwAHC0slQlRYUFBeTk8GEwkK","https://www.lcsc.com/datasheet/C5444549.pdf?spm=wm.sxq.inf.ggs___wm.fly.bg.0.xh&lcsc_vid=QlYMBlcCFVkMUFQFQABYU1xXEVhXVFdQRFkMVFMFEVUxVlNeR1NbUFJXRVddVjsOAxUeFF5JWBYZEEoKFBINSQcJGk4eFQsCAgIaSgADAwAHC0slQlRYUFBeTk8GEwkK"
"C3E-8.000-18-3030-X-R","Crystal, 3.20mm x2.50mm,8MHz,18pF,-40-85C","Y3","C3E-8.000-18-3030-X-R:XTAL_C3E-8.000-18-3030-X-R","1","YXC Crystal Oscillators","X32258MOB4SI","C2682775","https://www.lcsc.com/product-detail/C2682775.html?s_z=n_q_8mhz%2520crystal&spm=wm.fly.bg.0.xh&lcsc_vid=QlYMBlcCFVkMUFQFQABYU1xXEVhXVFdQRFkMVFMFEVUxVlNeR1NbUFNeRVRbVjsOAxUeFF5JWBYZEEoKFBINSQcJGk4eFQsCAgIaSgADAwAHC0slQlVaU1FSTk8GEwkK","https://www.lcsc.com/datasheet/C2682775.pdf?spm=wm.sxq.inf.ggs___wm.fly.bg.0.xh&lcsc_vid=QlYMBlcCFVkMUFQFQABYU1xXEVhXVFdQRFkMVFMFEVUxVlNeR1NbUFNeRVRbVjsOAxUeFF5JWBYZEEoKFBINSQcJGk4eFQsCAgIaSgADAwAHC0slQlVaU1FSTk8GEwkK"
"ESP32-C3","WiFi Modules (802.11) (Engineering Samples Only) SMD IC ESP32-C3, RISC-V single-core MCU, 2.4G Wi-Fi & BLE 5.0 combo, QFN 32-pin, 5*5 mm, 40 ~ 105C","U5","ESP32-C3:QFN50P500X500X90-33N","1","Espressif Systems","ESP32-C3","C2838500","https://www.lcsc.com/product-detail/C2838500.html?s_z=s_p_x_ESP32-C3&spm=wm.ssy.em.0.tz&lcsc_vid=QlYMBlcCFVkMUFQFQABYU1xXEVhXVFdQRFkMVFMFEVUxVlNeR1NbUFxTT1RZVTsOAxUeFF5JWBYZEEoKFBINSQcJGk4eFQsCAgIaSgADAwAHC0slRVdWVVNRQk8GEwkK","https://www.lcsc.com/datasheet/C2838500.pdf?spm=wm.sxq.inf.ggs___wm.ssy.em.0.tz&lcsc_vid=QlYMBlcCFVkMUFQFQABYU1xXEVhXVFdQRFkMVFMFEVUxVlNeR1NbUFxTT1RZVTsOAxUeFF5JWBYZEEoKFBINSQcJGk4eFQsCAgIaSgADAwAHC0slRVdWVVNRQk8GEwkK"
"EVQ-P7A01P","Black Side Tactile Switch, Single Pole Single Throw (SPST) 10 μA → 50 mA 0.65mm Surface Mount","S2","EVQ-P7A01P:SW_EVQ-P7A01P","1","Panasonic Electronic Components","EVQP7A01P","C79167","https://www.lcsc.com/product-detail/C79167.html?s_z=n_q_EVQ-P7A01P&spm=wm.fly.bg.0.xh&lcsc_vid=QlYMBlcCFVkMUFQFQABYU1xXEVhXVFdQRFkMVFMFEVUxVlNeR1NbUF1XRVBZUzsOAxUeFF5JWBYZEEoKFBINSQcJGk4eFQsCAgIaSgADAwAHC0slRVldX1FWR08GEwkK","https://www.lcsc.com/datasheet/C79167.pdf?spm=wm.sxq.inf.ggs___wm.fly.bg.0.xh&lcsc_vid=QlYMBlcCFVkMUFQFQABYU1xXEVhXVFdQRFkMVFMFEVUxVlNeR1NbUF1XRVBZUzsOAxUeFF5JWBYZEEoKFBINSQcJGk4eFQsCAgIaSgADAwAHC0slRVldX1FWR08GEwkK"
"ICM-42688-P","Accelerometer, Gyroscope, 6 Axis Sensor - Output","U6","ICM-42688-P:PQFN50P300X250X97-14N","1","TDK InvenSense","ICM-42688-P","C1850418,  Mouser No: 410-ICM-42688-P ","https://www.lcsc.com/product-detail/C1850418.html?s_z=s_p_t_ICM-42688-P&spm=wm.fly.bg.0.xh___wm.ssy.tc.0.tz&lcsc_vid=QlYMBlcCFVkMUFQFQABYU1xXEVhXVFdQRFkMVFMFEVUxVlNeR1NbUF1QQFFXVzsOAxUeFF5JWBYZEEoKFBINSQcJGk4eFQsCAgIaSgADAwAHC0slQFhfUVNIHxUDCw%3D%3D","https://www.lcsc.com/datasheet/C1850418.pdf?spm=wm.sxq.inf.ggs___wm.fly.bg.0.xh&lcsc_vid=QlYMBlcCFVkMUFQFQABYU1xXEVhXVFdQRFkMVFMFEVUxVlNeR1NbUF1QQFFXVzsOAxUeFF5JWBYZEEoKFBINSQcJGk4eFQsCAgIaSgADAwAHC0slQFhfUVNIHxUDCw%3D%3D"
"KT-0603R","Red 0603 Light Emitting Diodes","D7","KT-0603R:LED_KT-0603R","1","Hubei KENTO Elec","KT-0603R","C2286","https://www.lcsc.com/product-detail/C2286.html?s_z=s_p_KT-0603R&spm=wm.fly.bg.0.xh&lcsc_vid=QlYMBlcCFVkMUFQFQABYU1xXEVhXVFdQRFkMVFMFEVUxVlNeR1NbX1RVQlNdXjsOAxUeFF5JWBYZEEoKFBINSQcJGk4dAgUUFAk%3D","https://www.lcsc.com/datasheet/C2286.pdf?spm=wm.sxq.inf.ggs___wm.fly.bg.0.xh&lcsc_vid=QlYMBlcCFVkMUFQFQABYU1xXEVhXVFdQRFkMVFMFEVUxVlNeR1NbX1RVQlNdXjsOAxUeFF5JWBYZEEoKFBINSQcJGk4dAgUUFAk%3D"
"LED1","Light emitting diode","D4","LED_SMD:LED_0805_2012Metric","1","Hubei KENTO Elec","KT-0805R","C2295","https://www.lcsc.com/product-detail/C2295.html?s_z=n_q_KT-0805&spm=wm.fly.bg.4.xh&lcsc_vid=QlYMBlcCFVkMUFQFQABYU1xXEVhXVFdQRFkMVFMFEVUxVlNeR1NbX1VWQlNfUDsOAxUeFF5JWBYZEEoKFBINSQcJGk4NBhADEA4cHktSRlNADxALGw%3D%3D","https://www.lcsc.com/datasheet/C2295.pdf?spm=wm.sxq.inf.ggs___wm.fly.bg.4.xh&lcsc_vid=QlYMBlcCFVkMUFQFQABYU1xXEVhXVFdQRFkMVFMFEVUxVlNeR1NbX1VWQlNfUDsOAxUeFF5JWBYZEEoKFBINSQcJGk4NBhADEA4cHktSRlNADxALGw%3D%3D"
"LED2","Light emitting diode","D1","LED_SMD:LED_0805_2012Metric","1","Hubei KENTO Elec","KT-0805B","C2293","https://www.lcsc.com/product-detail/C2293.html?s_z=n_q_KT-0805&spm=wm.fly.bg.3.xh&lcsc_vid=QlYMBlcCFVkMUFQFQABYU1xXEVhXVFdQRFkMVFMFEVUxVlNeR1NbX1VWQlNfUDsOAxUeFF5JWBYZEEoKFBINSQcJGk4NBhADEA4cHktSRlNADxALGw%3D%3D","https://www.lcsc.com/datasheet/C2295.pdf?spm=wm.sxq.inf.ggs___wm.fly.bg.4.xh&lcsc_vid=QlYMBlcCFVkMUFQFQABYU1xXEVhXVFdQRFkMVFMFEVUxVlNeR1NbX1VWQlNfUDsOAxUeFF5JWBYZEEoKFBINSQcJGk4NBhADEA4cHktSRlNADxALGw%3D%3D"
"LED3","Light emitting diode","D2","LED_SMD:LED_0805_2012Metric","1","Hubei KENTO Elec","KT-0805Y","C2296","https://www.lcsc.com/product-detail/C2296.html?s_z=n_q_KT-0805&spm=wm.fly.bg.1.xh&lcsc_vid=QlYMBlcCFVkMUFQFQABYU1xXEVhXVFdQRFkMVFMFEVUxVlNeR1NbX1VWQlNfUDsOAxUeFF5JWBYZEEoKFBINSQcJGk4NBhADEA4cHktSRlNADxALGw%3D%3D","https://www.lcsc.com/datasheet/C2295.pdf?spm=wm.sxq.inf.ggs___wm.fly.bg.4.xh&lcsc_vid=QlYMBlcCFVkMUFQFQABYU1xXEVhXVFdQRFkMVFMFEVUxVlNeR1NbX1VWQlNfUDsOAxUeFF5JWBYZEEoKFBINSQcJGk4NBhADEA4cHktSRlNADxALGw%3D%3D"
"LED4","Light emitting diode","D3","LED_SMD:LED_0805_2012Metric","1","Hubei KENTO Elec","KT-0805G","C2297","https://www.lcsc.com/product-detail/C2297.html?s_z=n_q_KT-0805&spm=wm.fly.bg.0.xh&lcsc_vid=QlYMBlcCFVkMUFQFQABYU1xXEVhXVFdQRFkMVFMFEVUxVlNeR1NbX1VWQlNfUDsOAxUeFF5JWBYZEEoKFBINSQcJGk4NBhADEA4cHktSRlNADxALGw%3D%3D","https://www.lcsc.com/datasheet/C2295.pdf?spm=wm.sxq.inf.ggs___wm.fly.bg.4.xh&lcsc_vid=QlYMBlcCFVkMUFQFQABYU1xXEVhXVFdQRFkMVFMFEVUxVlNeR1NbX1VWQlNfUDsOAxUeFF5JWBYZEEoKFBINSQcJGk4NBhADEA4cHktSRlNADxALGw%3D%3D"
"MICROASMD010F-2","PolySwitch Resettable PPTC microSMD Series Surface Mount","F2","MICROASMD010F-2:FUSE_MICROASMD010F_LTF","1","Littelfuse","MICROSMD010F-2","C2649903","https://www.lcsc.com/product-detail/C2649903.html?spm=wm.fly.bg.0.xh&lcsc_vid=QlYMBlcCFVkMUFQFQABYU1xXEVhXVFdQRFkMVFMFEVUxVlNeR1NbX1ZeQFFWXjsOAxUeFF5JWBYZEEoKFBINSQcJGk4eFQsCAgIaSgADAwAHC0slRVBbVFxURE8GEwkK","https://www.lcsc.com/datasheet/C2649903.pdf?spm=wm.sxq.inf.ggs___wm.fly.bg.0.xh&lcsc_vid=QlYMBlcCFVkMUFQFQABYU1xXEVhXVFdQRFkMVFMFEVUxVlNeR1NbX1ZeQFFWXjsOAxUeFF5JWBYZEEoKFBINSQcJGk4eFQsCAgIaSgADAwAHC0slRVBbVFxURE8GEwkK"
"MP9943GQ-Z","Switching Voltage Regulators High Efficiency 3A peak,36V,Synchronous Step Down Converter","U4,U9","MP9943GQ-Z:QFN-8_MP9943_MNP","2","Monolithic Power Systems (MPS) ","MP9943GQ-Z ","Mouser No: 946-MP9943GQ-Z ","https://www.mouser.in/ProductDetail/Monolithic-Power-Systems-MPS/MP9943GQ-Z?qs=493kPxzlxfKVcyEndxwGRg%3D%3D","https://www.monolithicpower.com/en/documentview/productdocument/index/version/2/document_type/Datasheet/lang/en/sku/MP9943GQ-Z"
"NCP167BMX330TBG","Linear Voltage Regulator IC Positive Fixed 1 Output 700mA 4-XDFN (1x1)","U3","NCP167BMX330TBG:VREG_NCP167BMX330TBG","1","Onsemi","NCP167BMX330TBG","C892227","https://www.lcsc.com/product-detail/C892227.html?s_z=s_p_NCP167BMX330TBG&spm=wm.fly.bg.0.xh&lcsc_vid=QlYMBlcCFVkMUFQFQABYU1xXEVhXVFdQRFkMVFMFEVUxVlNeR1NbX1xVQVNeXjsOAxUeFF5JWBYZEEoKFBINSQcJGk4dAgUUFAk%3D","https://www.lcsc.com/datasheet/C892227.pdf?spm=wm.sxq.inf.ggs___wm.fly.bg.0.xh&lcsc_vid=QlYMBlcCFVkMUFQFQABYU1xXEVhXVFdQRFkMVFMFEVUxVlNeR1NbX1xVQVNeXjsOAxUeFF5JWBYZEEoKFBINSQcJGk4dAgUUFAk%3D"
"SM03B-SRSS-TB_LF__SN_","Connector Header Surface Mount, Right Angle 3 position 0.039 (1.00mm)","J3,J5,J7,J8,J12","SM03B-SRSS-TB_LF__SN_:JST_SM03B-SRSS-TB_LF__SN_","5","HCTL","HC-1.0-3PWT","C2845362","https://www.lcsc.com/product-detail/C2845362.html?s_z=n_q_SM03B-SRSS-TB_LF__SN_&spm=wm.fly.bg.1.xh&lcsc_vid=QlYMBlcCFVkMUFQFQABYU1xXEVhXVFdQRFkMVFMFEVUxVlNeR1NbX11fQFFdVjsOAxUeFF5JWBYZEEoKFBINSQcJGk4eFQsCAgIaSgADAwAHC0slT1hcVVZRWQkaCgg%3D","https://www.lcsc.com/datasheet/C2845362.pdf?spm=wm.sxq.inf.ggs___wm.fly.bg.1.xh&lcsc_vid=QlYMBlcCFVkMUFQFQABYU1xXEVhXVFdQRFkMVFMFEVUxVlNeR1NbX11fQFFdVjsOAxUeFF5JWBYZEEoKFBINSQcJGk4eFQsCAgIaSgADAwAHC0slT1hcVVZRWQkaCgg%3D"
"SM04B-SRSS-TB_LF__SN_","Connector Header Surface Mount, Right Angle 4 position 0.039 (1.00mm)","J10,J13,J14","SM04B-SRSS-TB_LF__SN_:JST_SM04B-SRSS-TB_LF__SN_","3","HCTL","HC-1.0-4PWT","C2845363","https://www.lcsc.com/product-detail/C2845363.html?s_z=n_q_SM04B-SRSS-TB_LF__SN_&spm=wm.fly.bg.2.xh&lcsc_vid=QlYMBlcCFVkMUFQFQABYU1xXEVhXVFdQRFkMVFMFEVUxVlNeR1NbXlRQQVNZUTsOAxUeFF5JWBYZEEoKFBINSQcJGk4NBhADEA4cHktRTlNADxALGw%3D%3D","https://www.lcsc.com/datasheet/C2845363.pdf?spm=wm.sxq.inf.ggs___wm.fly.bg.2.xh&lcsc_vid=QlYMBlcCFVkMUFQFQABYU1xXEVhXVFdQRFkMVFMFEVUxVlNeR1NbXlRQQVNZUTsOAxUeFF5JWBYZEEoKFBINSQcJGk4NBhADEA4cHktRTlNADxALGw%3D%3D"
"SM06B-SRSS-TB_LF__SN_","Connector Header Surface Mount, Right Angle 6 position 0.039 (1.00mm)","J1,J9","SM06B-SRSS-TB_LF__SN_:JST_SM06B-SRSS-TB_LF__SN_","2","HCTL","HC-1.0-6PWT","C2845365","https://www.lcsc.com/product-detail/C2845365.html?s_z=n_q_SM06B-SRSS-TB_LF__SN_&spm=wm.fly.bg.2.xh&lcsc_vid=QlYMBlcCFVkMUFQFQABYU1xXEVhXVFdQRFkMVFMFEVUxVlNeR1NbXlVVRFNXVTsOAxUeFF5JWBYZEEoKFBINSQcJGk4eFQsCAgIaSgADAwAHC0slRVlaUldQRE8GEwkK","https://www.lcsc.com/datasheet/C2845365.pdf?spm=wm.sxq.inf.ggs___wm.fly.bg.2.xh&lcsc_vid=QlYMBlcCFVkMUFQFQABYU1xXEVhXVFdQRFkMVFMFEVUxVlNeR1NbXlVVRFNXVTsOAxUeFF5JWBYZEEoKFBINSQcJGk4eFQsCAgIaSgADAwAHC0slRVlaUldQRE8GEwkK"
"SM08B-SRSS-TB_LF__SN_","Connector Header Surface Mount, Right Angle 8 position 0.039 (1.00mm)","J6","SM08B-SRSS-TB_LF__SN_:JST_SM08B-SRSS-TB_LF__SN_","1","JST","SM08B-SRSS-TB(LF)(SN)","C160407","https://www.lcsc.com/product-detail/C160407.html?s_z=n_q_SM08B-SRSS-TB_LF__SN_&spm=wm.fly.bg.0.xh&lcsc_vid=QlYMBlcCFVkMUFQFQABYU1xXEVhXVFdQRFkMVFMFEVUxVlNeR1NbXlVRQlFcVTsOAxUeFF5JWBYZEEoKFBINSQcJGk4eFQsCAgIaSgADAwAHC0slRVlaUldQQk8GEwkK","https://www.lcsc.com/datasheet/C160407.pdf?spm=wm.sxq.inf.ggs___wm.fly.bg.0.xh&lcsc_vid=QlYMBlcCFVkMUFQFQABYU1xXEVhXVFdQRFkMVFMFEVUxVlNeR1NbXlVRQlFcVTsOAxUeFF5JWBYZEEoKFBINSQcJGk4eFQsCAgIaSgADAwAHC0slRVlaUldQQk8GEwkK"
"SMAJ5.0A","400W, 5V, Unidirectional, TVS","D5","SMAJ5.0A:DIOM4325X250N","1","Littelfuse","SMAJ5.0A","C83329","https://www.lcsc.com/product-detail/C83329.html?s_z=s_p_x_SMAJ5.0A&spm=wm.ssy.em.0.tz&lcsc_vid=QlYMBlcCFVkMUFQFQABYU1xXEVhXVFdQRFkMVFMFEVUxVlNeR1NbXlZURFFZUDsOAxUeFF5JWBYZEEoKFBINSQcJGk4eFQsCAgIaSgADAwAHC0slRldeU1RRWQkaCgg%3D","https://www.lcsc.com/datasheet/C83329.pdf?spm=wm.sxq.inf.ggs___wm.ssy.em.0.tz&lcsc_vid=QlYMBlcCFVkMUFQFQABYU1xXEVhXVFdQRFkMVFMFEVUxVlNeR1NbXlZURFFZUDsOAxUeFF5JWBYZEEoKFBINSQcJGk4eFQsCAgIaSgADAwAHC0slRldeU1RRWQkaCgg%3D"
"STM32F722RETx","STMicroelectronics Arm Cortex-M7 MCU, 512KB flash, 256KB RAM, 216 MHz, 1.7-3.6V, 50 GPIO, LQFP64","U1","Package_QFP:LQFP-64_10x10mm_P0.5mm","1","ST","STM32F722RET6","C118207","https://www.lcsc.com/product-detail/C118207.html?s_z=s_p_STM32F722RET6&spm=wm.fly.bg.0.xh&lcsc_vid=QlYMBlcCFVkMUFQFQABYU1xXEVhXVFdQRFkMVFMFEVUxVlNeR1NbXlZeQ1FYUjsOAxUeFF5JWBYZEEoKFBINSQcJGk4dAgUUFAk%3D","https://www.lcsc.com/datasheet/C118207.pdf?spm=wm.sxq.inf.ggs___wm.fly.bg.0.xh&lcsc_vid=QlYMBlcCFVkMUFQFQABYU1xXEVhXVFdQRFkMVFMFEVUxVlNeR1NbXlZeQ1FYUjsOAxUeFF5JWBYZEEoKFBINSQcJGk4dAgUUFAk%3D"
"TestPoint","test point","TP1,TP2,TP3,TP4,TP5,TP6,TP7,TP8,TP9,TP10,TP20,TP21,TP40,TP41,TP42,TP43,TP44,TP45,TP46,TP47,TP48,TP49,TP50,TP51","TestPoint:TestPoint_Pad_D1.0mm","24","-","-","-","-","-"
"TestPoint","test point","TP11,TP12","TestPoint:TestPoint_Pad_D2.0mm","2","-","-","-","-","-"
"TestPoint","test point","TP13,TP14,TP15,TP16,TP18,TP19,TP23,TP24,TP25,TP26,TP27,TP28,TP29,TP30,TP32,TP33,TP34,TP35,TP36,TP38,TP39","TestPoint:TestPoint_Pad_1.0x1.0mm","21","-","-","-","-","-"
"TestPoint","test point","TP17,TP31,TP37","TestPoint:TestPoint_Pad_2.0x2.0mm","3","-","-","-","-","-"
"USB4940-00-A_REVA","Type C USB 2.0 Connector","J2","USB4940-00-A_REVA:GCT_USB4940-00-A_REVA","1","YUWENFA","PTCFW-H22S-001","C54829818","https://www.lcsc.com/product-detail/C54829818.html?s_z=n_q_p_USB4940-00-A_REVA&spm=wm.ssy.bg.0.xh&lcsc_vid=QlYMBlcCFVkMUFQFQABYU1xXEVhXVFdQRFkMVFMFEVUxVlNeR1NbXldTRFVbXjsOAxUeFF5JWBYZEEoKFBINSQcJGk4eFQsCAgIaSgADAwAHC0slRlBWVVRRWQkaCgg%3D","https://www.lcsc.com/datasheet/C54829818.pdf?spm=wm.sxq.inf.ggs___wm.ssy.bg.0.xh&lcsc_vid=QlYMBlcCFVkMUFQFQABYU1xXEVhXVFdQRFkMVFMFEVUxVlNeR1NbXldTRFVbXjsOAxUeFF5JWBYZEEoKFBINSQcJGk4eFQsCAgIaSgADAwAHC0slRlBWVVRRWQkaCgg%3D"
"USBLC6-2SC6","Very low capacitance ESD protection diode, 2 data-line, SOT-23-6","U10","Package_TO_SOT_SMD:SOT-23-6","1","ST","USBLC6-2SC6","C7519","https://www.lcsc.com/product-detail/C7519.html?s_z=s_p_USBLC6-2SC6&spm=wm.fly.bg.0.xh&lcsc_vid=R1FaUgJTFVJcVQYFT1ddV1IDQlkPUVNeFgAPXgAAT1UxVlNeR1NYV1ZXRFhaXzsOAxUeFF5JWBYZEEoKFBINSQcJGk4dAgUUFAk%3D","https://www.lcsc.com/datasheet/C7519.pdf?spm=wm.sxq.inf.ggs___wm.fly.bg.0.xh&lcsc_vid=R1FaUgJTFVJcVQYFT1ddV1IDQlkPUVNeFgAPXgAAT1UxVlNeR1NYV1ZXRFhaXzsOAxUeFF5JWBYZEEoKFBINSQcJGk4dAgUUFAk%3D"
"W25Q256JVEIQ","SPI Flash Memory with Dual/Quad SPI","U7","W25N04KVZEIR:IC_W25N04KVZEIR","1","Winbond","W25Q256JVEIQ","C97522","https://www.lcsc.com/product-detail/C97522.html?s_z=n_q_W25Q256JVEIQ&spm=wm.fly.bg.0.xh&lcsc_vid=E1ILXgUEQFBXVwUEFFBdAVJSRwJdXlRUE1VeXlEAFFYxVlNeR1JdVFJRRlRcUjsOAxUeFF5JWBYZEEoKFBINSQcJGk4NBhADEA4cHktXRVlWSQwSGg0%3D","https://www.lcsc.com/datasheet/C97522.pdf?spm=wm.sxq.inf.ggs___wm.fly.bg.0.xh&lcsc_vid=E1ILXgUEQFBXVwUEFFBdAVJSRwJdXlRUE1VeXlEAFFYxVlNeR1JdVFJRRlRcUjsOAxUeFF5JWBYZEEoKFBINSQcJGk4NBhADEA4cHktXRVlWSQwSGg0%3D"
